{"cameraMode":{"drawMode":0,"name":"Shaded","section":"Shading Mode"},"sceneLighting":true,"audioPlay":false,"sceneViewState":{"showFog":true,"showMaterialUpdate":true,"showSkybox":true,"showFlares":true,"showImageEffects":true,"showParticleSystems":true},"in2DMode":false,"pivot":{"x":3.71173095703125,"y":2.14794921875,"z":-16.1953125},"rotation":{"x":0.05546747148036957,"y":0.011981213465332985,"z":-0.0006656443001702428,"w":0.9983875155448914},"size":23.293548583984376,"orthographic":true}